GROUP	DISTANCE
Tumor	-0.049627486884030306
Tumor	0.600985259905258
Tumor	1.2502937376352998
Tumor	-0.35923954656925794
Tumor	0.12502399818179916
Tumor	-0.4575878046459823
Tumor	0.2497554557984396
Tumor	-0.1857007835060984
Tumor	0.007053562891051949
Tumor	-0.40429058084175157
Tumor	-1.3978050402151565
Tumor	0.49116483269116035
Tumor	-1.337294322903144
Tumor	-0.7289149919103314
Tumor	0.8210365134429256
Tumor	-0.5709352555116163
Tumor	-0.1857007835060984
Tumor	-1.0104311736225726
Tumor	-0.955401196806442
Tumor	-0.2375318901014822
Tumor	-1.6929748128560875
Tumor	-0.955401196806442
Tumor	-0.23168984606303974
Tumor	-0.4781160805810537
Tumor	0.9346075285482486
Tumor	-0.08131885291009334
Tumor	-0.6009049900824636
Tumor	0.21814737699775436
Tumor	0.30721602420793037
Tumor	-0.30326956576656533
Tumor	-0.9137551557410513
Tumor	-0.5709352555116163
Tumor	0.2497554557984396
Tumor	2.9326953819356456
Tumor	0.40942606385239766
Tumor	0.4218760742198089
Tumor	0.5584439351991721
Tumor	-0.1857007835060984
Tumor	-1.0335077154021364
Tumor	0.18604367213133513
Tumor	-0.3783758589814336
Tumor	-0.35923954656925794
Tumor	-0.955401196806442
Tumor	-0.10276953875225676
Tumor	-0.2375318901014822
Tumor	-1.2503260577934758
Tumor	0.4588197195119438
Tumor	0.4588197195119438
Tumor	4.958995439215924
Tumor	-0.05487007869565164
Tumor	-0.05487007869565164
Tumor	0.9143079314108259
Tumor	0.6801988852375715
Tumor	-0.5344480392398883
Tumor	0.6876130296795604
Tumor	-0.8642210691872642
Tumor	-0.30326956576656533
Tumor	-0.08131885291009334
Tumor	-0.8451051051034972
Tumor	0.21814737699775436
Tumor	-1.2189979507282978
Tumor	0.10104140232826792
Tumor	-0.09201109197483807
Tumor	0.9847159779504656
Tumor	-0.7289149919103314
Tumor	0.11067001539056623
Tumor	0.8594265578297322
Tumor	-0.9991333658981884
Tumor	0.5584439351991721
Tumor	-1.2189979507282978
Tumor	-0.4781160805810537
Tumor	1.4693989280344468
Tumor	0.7927634909862482
Tumor	2.138672794131417
Tumor	0.600985259905258
Tumor	-0.8451051051034972
Tumor	-0.789864042452174
Tumor	0.2497554557984396
Tumor	0.19986459207528753
Tumor	2.5579502946968917
Tumor	0.37588245049750824
Tumor	0.600985259905258
Tumor	-0.5344480392398883
Tumor	-0.1800423063341648
Tumor	-1.1469399014692756
Tumor	-0.5709352555116163
Tumor	-0.9991333658981884
Tumor	-0.955401196806442
Tumor	-0.8642210691872642
Tumor	-0.4240401677764837
Tumor	0.001973229220682504
Tumor	-0.9661265397275223
Tumor	-0.09201109197483807
Tumor	0.3589178447906439
Tumor	1.5832346554647843
Tumor	1.5281872041569213
Tumor	-0.1631821622089548
Tumor	-1.4199573571626816
Tumor	-1.0943615436360241
Tumor	1.1173348918952464
Tumor	-1.4433785520965803
Tumor	-0.7038037332414881
Tumor	1.9927608390048932
Tumor	1.9658519039773514
Tumor	-0.5416627778359452
Tumor	-1.2503260577934758
Tumor	0.7605874622230171
Tumor	-0.3529158873038464
Tumor	0.7677721390010189
Tumor	-0.4575878046459823
Tumor	-1.1469399014692756
Tumor	0.2362683578166086
Tumor	-0.4781160805810537
Tumor	0.971441377904441
Tumor	0.49517632811981077
Tumor	1.585963738824678
Tumor	0.40906678285748443
Tumor	-0.8650237556099379
Tumor	1.470800420181248
Tumor	0.22735714113722721
Tumor	-1.5899198244466108
Tumor	-0.4466690013841619
Tumor	0.572153149002287
Tumor	0.2957156012068829
Tumor	3.9060979611561644
Tumor	-0.07854019121773032
Tumor	0.2957156012068829
Tumor	-0.29774502796681657
Tumor	0.8059637142867194
Tumor	2.007906515180517
Tumor	1.213157155581888
Tumor	0.007786357612380865
Tumor	-0.07854019121773032
Tumor	0.06325007095068962
Tumor	-0.9878838320869621
Tumor	1.9241933708482555
Tumor	1.470800420181248
Tumor	-1.2403882557819559
Tumor	-0.512566033448683
Tumor	-0.5918769410192734
Tumor	-1.551055431883481
Tumor	-0.5029644325064061
Tumor	0.007786357612380865
Tumor	-0.24025855155887485
Tumor	-1.7545520332482658
Tumor	-1.0326126650904297
Tumor	0.4551752396591297
Tumor	0.09040797082856386
Tumor	-0.29774502796681657
Tumor	-0.7550587295962216
Tumor	0.8795633075782138
Tumor	-1.32559437162266
Tumor	-0.720643670658897
Tumor	-0.9592217521853437
Tumor	-1.5899198244466108
Tumor	0.09040797082856386
Tumor	0.2895886189487112
Tumor	-0.27286215403337105
Tumor	-0.4466690013841619
Tumor	-0.04208825549554732
Tumor	0.3200558907537578
Tumor	0.8405544653552177
Tumor	-1.398571486012271
Tumor	0.16326678210067463
Tumor	-1.32559437162266
Tumor	1.2088277251815238
Tumor	0.22103447237159388
Tumor	1.2261096907714264
Tumor	0.22103447237159388
Tumor	0.5502988899749038
Tumor	0.0007407376792334585
Tumor	0.6838795381383275
Tumor	-1.2403882557819559
Tumor	-0.100762060778681
Tumor	-0.4466690013841619
Tumor	0.22735714113722721
Tumor	-0.04208825549554732
Tumor	0.5884188542513071
Tumor	-0.1667206569620191
Tumor	0.7592259712596165
Tumor	-1.2740540745205673
Tumor	-1.5341775932421706
Tumor	0.8382605817619182
Tumor	0.303343020147335
Tumor	-1.170835982372026
Tumor	0.47840696307629194
Tumor	-0.1667206569620191
Tumor	0.3454355821172027
Tumor	0.8236190165212046
Tumor	-1.1902024649525458
Tumor	1.3820938510539575
Tumor	-1.1336542881320033
Tumor	-0.2625442667022347
Tumor	0.44445918211776714
Tumor	2.087117268540762
Tumor	0.7034755905262102
Tumor	-1.2101474327648232
Tumor	0.5774129652743312
Tumor	-0.4834642110245322
Tumor	-0.2625442667022347
Tumor	0.031196524502898216
Tumor	-1.0320896980862206
Tumor	-0.8335344160212269
Tumor	-0.2543402872420335
Tumor	-0.5520004177240594
Tumor	-0.2059716424529166
Tumor	-1.3458710848703725
Tumor	0.24798828938324102
Tumor	2.7840261471642727
Tumor	1.574830247076573
Tumor	-0.3211977471720812
Tumor	-0.8208050666136381
Tumor	-0.9857298453931399
Tumor	2.2212277300806096
Tumor	-0.11325193706676162
Tumor	-0.9857298453931399
Tumor	0.09271215816509545
Tumor	0.4330314841054669
Tumor	0.41578226083079867
Tumor	-0.23805695133278035
Stroma	2.63100412300494
Stroma	1.99476584509336
Stroma	-0.3950238293514344
Stroma	2.0984839154741786
Stroma	1.914358760889409
Stroma	-0.829913498943821
Stroma	2.0075705582924726
Stroma	1.7313511321719772
Stroma	-1.3516046711621708
Stroma	-0.19749587211386693
Stroma	-0.09496688585171764
Stroma	-1.3561625081785968
Stroma	1.3753436258293308
Stroma	-1.0886123940884
Stroma	0.3399021590558651
Stroma	2.042922973974733
Stroma	-1.2857727817260982
Stroma	0.8146498409027483
Stroma	-1.260201250874259
Stroma	1.1712223756748723
Stroma	1.285520931414303
Stroma	-0.31273071655244045
Stroma	-0.518714612693012
Stroma	-0.3660127090016966
Stroma	-0.14327545426012533
Stroma	-0.5774341525909912
Stroma	-0.5221367057316604
Stroma	-0.2769188489992275
Stroma	0.9096947365798153
Stroma	-0.36412649771915867
Stroma	-0.10501400985504755
Stroma	-0.4730545130198131
Stroma	-0.41682655397518703
Stroma	0.3768966859064057
Stroma	-1.4405878484654349
Stroma	0.12209215848854715
Stroma	0.3062179629600177
Stroma	0.19759248308887745
Stroma	-0.31563625771817727
Stroma	-0.3934806248986608
Stroma	0.8084768903808233
Stroma	-0.19749587211386693
Stroma	1.133384411129116
Stroma	-1.260201250874259
Stroma	-0.6332820537176739
Stroma	-0.5337616611800833
Stroma	-0.32000620410461245
Stroma	-0.49671211253476055
Stroma	-0.851780422953924
Stroma	-0.20554851155940082
Stroma	-0.7202964267911109
Stroma	-0.41212299135614633
Stroma	-1.3639046782625956
Stroma	2.30404819957817
Stroma	-0.955243652680344
Stroma	-1.1676700313212827
Stroma	-0.7539618495634594
Stroma	-0.835180417552007
Stroma	-0.8674981434379565
Stroma	-1.3686422222046277
Stroma	-1.5229943095868117
Stroma	-0.04596074981583409
Stroma	-1.1449502310542714
Stroma	-1.0159419612136915
Stroma	-0.5337616611800833
Stroma	0.6584096443474903
Stroma	0.745474722289929
Stroma	-0.5586987659851882
Stroma	-0.841662670644769
Stroma	-1.2037755924341897
Stroma	-0.4546999335629264
Stroma	-0.9218037545417088
Stroma	-0.6519286003762645
Stroma	-0.9244245185769562
Stroma	0.19970508798482112
Stroma	-0.9231130030083302
Stroma	-1.3117716346213788
Stroma	-1.1754703740200863
Stroma	-0.14747777184279962
Stroma	-1.4812659516249715
Stroma	-0.5238515489663593
Stroma	-1.2520163935451702
Stroma	-0.5814904305603553
Stroma	-1.3213155356861601
Stroma	0.5303629477270068
Stroma	-1.061563703307249
Stroma	-0.9316789119999335
Stroma	0.5256443704600545
Stroma	-0.42036574720023573
Stroma	1.0210995106732528
Stroma	0.013084478503021111
Stroma	0.27677583235644027
Stroma	-0.21601536901134596
Stroma	0.17927165832582567
Stroma	0.9268802304329106
Stroma	0.5704021780673062
Stroma	0.8132572844764959
Stroma	-0.6408914596775509
Stroma	-0.5617995408666083
Stroma	-0.3751044605313241
Stroma	0.7123152215066069
Stroma	-0.3276875763946667
Stroma	-1.6490090024309918
Stroma	-1.1449502310542714
Stroma	0.2911743544955644
Stroma	-0.14456725047263153
Stroma	-0.4426147309724611
Stroma	2.2305132427391667
Stroma	0.5440125296502164
Stroma	2.4752266436780044
Stroma	2.1764685391347713
Stroma	-0.7270385092263458
Stroma	0.147786381420304
Stroma	-0.9185404753051987
Stroma	-0.7844560516149899
Stroma	-0.4829586433478296
Stroma	-0.005773140885131466
Stroma	1.1032428762258306
Stroma	-0.017966203864343673
Stroma	1.0648295521023436
Stroma	0.6958751952105968
Stroma	-0.5110515156472717
Stroma	0.7930774258066589
Stroma	0.7729338486185044
Stroma	-0.7839024175652427
Stroma	-0.5463804400444158
Stroma	0.39634174305851755
Stroma	0.22357100119696133
Stroma	-0.5221367057316604
Stroma	0.39634174305851755
Stroma	-0.9185404753051987
Stroma	0.06701853928679935
Stroma	-0.13554735919609823
Stroma	-0.6485569741359775
Stroma	-1.295961336491516
Stroma	-0.4062679532320566
Stroma	0.25228324909167027
Stroma	-0.5774341525909912
Stroma	0.3487249732290185
Stroma	0.12731511901123876
Stroma	-1.2121769038935852
Stroma	-1.1303246760769454
Stroma	-1.0567717687672202
Stroma	-1.0945104799782677
Stroma	-0.008145294391291424
Stroma	-0.5080849487791745
Stroma	-0.3402174168737114
Stroma	-0.40121526255744344
Stroma	-1.4095078315740102
Stroma	-1.5544979827978567
Stroma	-1.3011582150918728
Stroma	-0.2503014260184986
Stroma	-0.23134370793396555
Stroma	-0.38425997888124624
Stroma	-0.31709135026183155
Stroma	-0.6276110883103676
Stroma	0.7239008298134904
Stroma	0.4875260769021752
Stroma	0.1941544224626992
Stroma	1.06320225390228
Stroma	1.0225685766797603
Stroma	-0.31563625771817727
Stroma	0.8376143722571668
Stroma	-0.760411237648684
Stroma	-0.4808885397590281
Stroma	-0.1868265489165672
Stroma	1.4381918587320528
Stroma	-0.071356362575555
Stroma	0.5934328444523064
Stroma	0.8042865013195779
Stroma	-0.45186942041128075
Stroma	-0.08840791732261069
Stroma	-1.2121769038935852
Stroma	0.3922758066295185
Stroma	-0.6738729507504201
Stroma	-0.5268586581904737
Stroma	0.8391904181306902
Stroma	2.0204650542699487
Stroma	-1.0310478144216362
Stroma	-1.1449502310542714
Stroma	1.280329845328673
Stroma	0.10383045669796238
Stroma	0.6310928262644411
Stroma	-0.835180417552007
Stroma	-0.35548450906612095
Stroma	-0.3273208080270091
Stroma	-0.7208133669356299
Stroma	1.0317322115211764
Stroma	1.2221024940828475
Stroma	1.4153544288761413
Stroma	-0.05876183832483745
Stroma	-1.1874021917561872
Stroma	0.5267687561638033
Stroma	0.42552613972865533
Stroma	0.6516104371716873
Stroma	-0.7270385092263458
Stroma	-0.49629299389422415
Stroma	1.0610310204341216
Stroma	0.11740612224415953
Stroma	-1.0249637016009356
Stroma	0.9682325365098629
Stroma	0.01161879484106013
Stroma	-0.6103147662067213
Stroma	-1.0159419612136915
Stroma	1.0284368739581031
Stroma	-0.42036574720023573
Stroma	0.41394856820668896
Stroma	0.3484804131017219
Stroma	0.08481779681214724
Stroma	-0.06889116570614978
Stroma	0.7908696691806517
Stroma	-0.5097792093852355
Stroma	-0.464454566658509
Stroma	-0.8904045711266796
Stroma	-0.02664484250886753
Stroma	-0.6112425495709203
Stroma	1.0386759206349754
Stroma	-0.14456725047263153
Stroma	-0.19950492718419177
Stroma	-0.18350797978099206
Stroma	1.2015138773970606
Stroma	0.32313084737141107
Stroma	-0.6963064616963031
Stroma	-0.778384763898686
Stroma	0.0218520806020193
Stroma	1.4025044528823423
Stroma	-1.1638140172955531
Stroma	0.2737310467307489
Stroma	0.9582843387815481
Stroma	0.26788190801916506
Stroma	-0.2879220301218356
Stroma	-0.6219705037305868
Stroma	1.439464539680506
Stroma	-0.24579790361068707
Stroma	0.8539181850645614
Stroma	-0.8046199070142961
Stroma	-0.41055900841397214
Stroma	-1.1013246906868501
Stroma	0.30321836793485846
Stroma	-0.06612231884473631
Stroma	-0.11639416524450434
Stroma	-1.022696666682308
Stroma	-0.5182875595402138
Stroma	-1.4888833126671324
Stroma	-0.2684591411013937
Stroma	-0.2541232046818612
Stroma	-0.3645035236979449
Stroma	-0.21330709613558596
Stroma	-0.005773140885131466
Stroma	-1.1303246760769454
Stroma	-0.7894542372494403
Stroma	-0.21499918017162215
Stroma	0.04415159113210438
Stroma	0.09742245847725743
Stroma	-0.9531939010011145
Stroma	-0.024845529737605978
Stroma	-0.09747268874483495
Stroma	-0.22382970109492456
Stroma	-1.0310478144216362
Stroma	0.12511781914769676
Stroma	0.02796263095254152
Stroma	-0.6103147662067213
Stroma	0.6856208207760943
Stroma	-0.3581087009659881
Stroma	0.14044323913425563
Stroma	-0.40899694919223606
Stroma	-0.27162557882532135
Stroma	0.4224607510357068
Stroma	-0.5251393516963585
Stroma	0.5748071037163418
Stroma	-1.1412566531851922
Stroma	0.0392531947162454
Stroma	0.11326121824919622
Stroma	-0.9607381941122316
Stroma	-0.8246789930659334
Stroma	-0.7883411094720372
Stroma	-0.22689891831056322
Stroma	-0.8979776670249213
Stroma	-0.03959765402644302
Stroma	-0.13041670060258284
Stroma	0.29243236970052805
Stroma	-0.4258910030648918
Stroma	-1.2520163935451702
Stroma	0.14262206840873282
Stroma	1.2001360709107438
Stroma	-0.19682679163609662
Stroma	-0.4746995521523789
Stroma	-0.08653888350551225
Stroma	-0.3276875763946667
Stroma	-0.7539618495634594
Stroma	-0.041110436704086165
Stroma	2.5198851991120814
Stroma	-0.8674981434379565
Stroma	-1.1021821123041982
Stroma	-0.6107785573051815
Stroma	-0.5251393516963585
Stroma	-0.8626297494347934
Stroma	-1.1169578369153512
Stroma	-0.010520817438779105
Stroma	-0.034766094003079166
Stroma	0.23733407630961484
Stroma	2.0990091408542177
Stroma	-0.7502203542250472
Stroma	-0.5097792093852355
Stroma	-0.16505828197848427
Stroma	-0.35585907533977484
Stroma	1.067720147509793
Stroma	-0.6942917078703348
Stroma	0.2331896160321127
Stroma	0.475821129643745
Stroma	0.013084478503021111
Stroma	-0.6679746206340629
Stroma	0.013084478503021111
Stroma	-0.7734475721469724
Stroma	0.4365716681808631
Stroma	0.30221749448891827
Stroma	-0.6993363494831408
Stroma	-1.2006630212888332
Stroma	-0.6177597116155404
Stroma	-0.8614171721548661
Stroma	0.10160420114315626
Stroma	0.3379362964305891
Stroma	0.024473569503059487
Stroma	0.09518816901887615
Stroma	0.507802402089829
Stroma	0.43868020177430084
Stroma	-0.8608115561730615
Stroma	0.9721639553929553
Stroma	0.7599547050364455
Stroma	-0.2572577476569074
Stroma	-0.31273071655244045
Stroma	1.5377999504909268
Stroma	-0.6089245973035915
Stroma	1.6032824901973366
Stroma	-1.1440244525852659
Stroma	-0.34318267550349907
Stroma	-0.5144511192351747
Stroma	0.4932407759200701
Stroma	-0.6389838962093074
Stroma	0.5471334203394561
Stroma	0.37327554605959345
Stroma	1.495270101699764
Stroma	-1.031812340715157
Stroma	-0.4817161522313781
Stroma	-0.431043475235311
Stroma	-0.6942917078703348
Stroma	-1.0310478144216362
Stroma	-0.4817161522313781
Stroma	0.5303629477270068
Stroma	-0.0359726532427168
Stroma	0.04530213446672197
Stroma	-0.3402174168737114
Stroma	0.39131795607824543
Stroma	-0.167024277695281
Stroma	0.9727251111227531
Stroma	-0.06765998026307737
Stroma	-0.703898806099641
Stroma	-1.0310478144216362
Stroma	-0.49965010818019107
Stroma	-0.6413688976893952
Stroma	-0.4767590124488811
Stroma	-0.6519286003762645
Stroma	-0.37929274327285045
Stroma	-0.7161708814820771
Stroma	-0.6442381450745068
Stroma	0.7569027207910087
Stroma	0.13717009823499524
Stroma	0.5562481223421601
Stroma	-0.10029646661132248
Stroma	-0.823520111448301
Stroma	0.3846005625636525
Stroma	-0.5560477644712547
Stroma	-0.5424492939915448
Stroma	0.49689031209146645
Stroma	-0.28152254999619925
Stroma	0.2620151570664628
Stroma	-0.518714612693012
Stroma	1.189262728669502
Stroma	-0.48794155275055195
Stroma	0.9173467692395657
Stroma	2.0974332456572156
Stroma	0.3467676661433366
Stroma	-0.00015269743267882127
Stroma	-0.3950238293514344
Stroma	-0.3888620739891907
Stroma	-1.580889313633504
Stroma	-1.1440244525852659
Stroma	-0.7534264257533436
Stroma	-1.0528064338075602
Stroma	-0.777834853508244
Stroma	-0.5354939144567163
Stroma	0.3322737462288762
Stroma	0.14615712306278644
Stroma	-0.48794155275055195
Stroma	-0.4681327881511172
Stroma	-0.605226266798613
Stroma	2.337286521735423
Stroma	0.398729756286935
Stroma	-0.6177597116155404
Stroma	0.0151343072257876
Stroma	-0.6177597116155404
Stroma	-0.34541094142257406
Stroma	-0.8206297404628942
Stroma	-1.3282909014378594
Stroma	-0.8154514089999612
Stroma	-0.7894542372494403
Stroma	0.19097522215665572
Stroma	0.9522596802037164
Stroma	0.405401649217922
Stroma	-0.31709135026183155
Stroma	-0.2503014260184986
Stroma	0.5951780062748695
Stroma	0.4751306240578219
Stroma	-0.955243652680344
Stroma	-1.0745274220742003
Stroma	-0.578334257614856
Stroma	0.4491915563706171
Stroma	-0.2684591411013937
Stroma	-0.8829033765924901
Stroma	0.008095963531005402
Stroma	0.6450047483134435
Stroma	-0.7223658607675143
Stroma	-0.2698655692736256
Stroma	-0.5114759254453168
Stroma	-0.13554735919609823
Stroma	-0.32439023206042833
Stroma	2.7890137129440444
Stroma	-0.9369992903125645
Stroma	0.18113851049697693
Stroma	0.5569135939088202
Stroma	-1.3325432316585522
Stroma	-0.5760853705223924
Stroma	-1.0819428846321812
Stroma	-0.3174553661074265
Stroma	-0.7348775638598681
Stroma	-1.0786358440454589
Stroma	-0.9218037545417088
Stroma	0.016012047073819178
Stroma	-0.5110515156472717
Stroma	-0.37624538562776466
Stroma	-0.1680082338495285
Stroma	-0.09121558930755634
Stroma	-0.1154426584078027
Stroma	-0.2911328236367347
Stroma	-1.0019027865556944
Stroma	-1.3900631599047801
Stroma	-1.099613644167523
Stroma	1.4461376156465342
Stroma	0.14262206840873282
Stroma	-1.0504392114211363
Stroma	0.7346091306770418
Stroma	-1.1754703740200863
Stroma	-1.0181858754909074
Stroma	2.3923652442846057
Stroma	-0.8773234533771933
Stroma	-1.297253949692229
Stroma	-0.732780809374777
Stroma	-0.892291023729654
Stroma	-0.464454566658509
Stroma	0.4547764546800206
Stroma	0.7156311114010973
Stroma	0.3421114706341419
Stroma	-0.8029218903601202
Stroma	0.6611661831002208
Stroma	-0.0529583983815149
Stroma	1.4894832921955872
Stroma	0.2331896160321127
Stroma	1.5322442134173497
Stroma	-0.9056247723928431
Stroma	-1.0122188468475901
Stroma	-0.8589973869613846
Stroma	-0.7984098257327761
Stroma	0.34186611075621004
Stroma	-0.032054564615733645
Stroma	-0.9316789119999335
Stroma	0.07013938654345593
Stroma	-0.4730545130198131
Stroma	-1.2709649238984515
Stroma	1.0492401602056853
Stroma	-0.09402823014653455
Stroma	-0.38847793997277025
Stroma	0.0033873907149969272
Stroma	-1.1125721300026177
Stroma	-0.31273071655244045
Stroma	-0.31273071655244045
Stroma	-0.31273071655244045
Stroma	-0.9895831815515185
Stroma	-1.0004418378483881
Stroma	-0.2972179894237048
Stroma	-0.9114099973409948
Stroma	0.13689707040410798
Stroma	-0.6485569741359775
Stroma	-0.6857745284339628
Stroma	-0.08342868778292241
Stroma	0.4113407146080265
Stroma	-0.3320965781245845
Stroma	-1.3952347814500015
Stroma	-0.6519286003762645
Stroma	0.024473569503059487
Stroma	-0.6093877864665058
Stroma	-0.3069380724902493
Stroma	-0.8275830858734338
Stroma	-0.8632367127289354
Stroma	0.32412127922775125
Stroma	0.24971406554909684
Stroma	-0.929032848052799
Stroma	-0.2943510543560556
Stroma	0.268136583477239
Stroma	-0.7534264257533436
Stroma	0.05904930003706394
Stroma	-0.09747268874483495
Stroma	-0.5446315843631955
Stroma	-0.009629600516031601
Stroma	-0.2572577476569074
Stroma	-0.3645035236979449
Stroma	-0.19749587211386693
Stroma	-0.8608115561730615
Stroma	1.3608565700016277
Stroma	-0.15624268060492075
Stroma	1.4262351200104157
Stroma	0.5134642875627581
Stroma	1.429906739579086
Stroma	0.449890469335452
Stroma	1.9886848579909555
Stroma	0.9695436575097949
Stroma	-0.3645035236979449
Stroma	1.1544678509284325
Stroma	0.23085440797293047
Stroma	1.7568542489108119
Stroma	2.4747489724902954
Stroma	0.4189182024594326
Stroma	1.7777240399038012
Stroma	1.3098481130175408
Stroma	0.34186611075621004
Stroma	0.5827143652209635
Stroma	0.7307019959017378
Stroma	-0.22826509695575486
Stroma	2.8324366192871806
Stroma	3.806917183446597
Stroma	0.2538231212717129
Stroma	3.362535662003115
Stroma	1.5385708222896117
Stroma	-1.6175053292199468
Stroma	4.23018429418939
Stroma	3.7996778269184674
Stroma	3.2742850546694426
Stroma	2.9194551500940245
Stroma	-0.5337616611800833
Stroma	3.0844634604744194
Stroma	-0.839889826106478
Stroma	3.3571207029800476
Stroma	1.644729505719732
Stroma	0.9941473246350417
Stroma	-0.7620306606193863
Stroma	1.4103814028793116
Stroma	1.577186494931348
Stroma	-1.1125721300026177
Stroma	-0.9477559279068295
Stroma	-0.6548273870005286
Stroma	1.1864946784431991
Stroma	1.2234698785278957
Stroma	0.4365716681808631
Stroma	0.21625962710878316
Stroma	-0.7718078026189644
Stroma	-1.3561625081785968
Stroma	-0.9185404753051987
Stroma	0.7403555197126803
Stroma	-0.9895831815515185
Stroma	-0.235115359578249
Stroma	-0.33725870409266534
Stroma	0.5511395810067846
Stroma	-0.23477207556531599
Stroma	-0.8773234533771933
Stroma	1.0991398025936956
Stroma	0.19283041135176943
Stroma	-0.7894542372494403
Stroma	-0.0359726532427168
Stroma	-0.7712618699334767
Stroma	-1.2218122698572567
Stroma	0.7269946507442746
Stroma	0.7290549911524971
Stroma	-0.4685421685063604
Stroma	2.051442823568446
Stroma	-0.5512037577024045
Stroma	-0.4681327881511172
Stroma	-1.0551826173843226
Stroma	-0.24372411581853376
Stroma	0.28638655861549384
Stroma	0.3367066594160271
Stroma	0.12154149257249665
Stroma	0.352633934518759
Stroma	2.140143918517466
Stroma	2.5514286434632094
Stroma	2.3692719558108286
Stroma	2.0280999488544054
Stroma	4.005005773710278
Stroma	-0.8434392698964303
Stroma	-1.1823958655993732
Stroma	1.033378379793884
Stroma	1.9235956607870364
Stroma	2.4685342426632078
Stroma	1.4769350154596768
Stroma	1.5899570651934882
Stroma	0.5951780062748695
Stroma	-0.04201877673444609
Stroma	1.578404895785748
Stroma	-0.6842790555567094
Stroma	-0.24579790361068707
Stroma	-1.2709649238984515
Stroma	1.104134048753019
Stroma	-0.22826509695575486
Stroma	2.213346430921547
Stroma	-0.9139952237424183
Stroma	-0.08342868778292241
Stroma	-0.5657989253514188
Stroma	0.05762237667686609
Stroma	-0.5441947910029709
Stroma	-1.2069086192529903
Stroma	-0.955243652680344
Stroma	-0.6370798200687693
Stroma	0.9024043079540403
Stroma	-1.0753468751246191
Stroma	0.8562666929297441
Stroma	1.5576297337423282
Stroma	0.36722608307589
Stroma	-0.9867162418753797
Stroma	-0.005773140885131466
Stroma	-0.14456725047263153
Stroma	0.09742245847725743
Stroma	0.745474722289929
Stroma	-0.032054564615733645
Stroma	1.868093294369596
Stroma	1.2316607023286439
Stroma	0.43117362825513716
Stroma	-0.5760853705223924
Stroma	-1.1440244525852659
Stroma	-0.10501400985504755
Stroma	-0.666016131270159
Stroma	0.5912495069156458
Stroma	-1.3339722703205414
Stroma	0.002208188843237538
Stroma	-1.0945104799782677
Stroma	-0.4829586433478296
Stroma	2.071599932583784
Stroma	0.7607679231132228
Stroma	-1.2578465465970234
Stroma	2.8574380847432925
Stroma	-0.9845737876750708
Stroma	0.016012047073819178
Stroma	0.7460883008685403
Stroma	1.0617549559355373
Stroma	-0.703898806099641
Stroma	-0.02244948341031762
Stroma	0.8160416205731739
Stroma	-0.32000620410461245
Stroma	-0.17195047628378446
Stroma	2.1315619611394223
Stroma	2.3242969129325917
Stroma	-0.05417845423308553
Stroma	1.9553988457649891
Stroma	0.3555607305783275
Stroma	0.33498390727533056
Stroma	0.5912495069156458
Stroma	1.0644680136497664
Stroma	0.58161778729872
Stroma	0.7777833605637444
Stroma	0.531484934920957
Stroma	0.22278898308874837
Stroma	0.010151840538022854
Stroma	-0.8535787590754522
Stroma	-1.2294487197703599
Stroma	1.2781502276730659
Stroma	0.82080755738882
Stroma	0.735636273923546
Stroma	0.6373100004469148
Stroma	0.11270784051155133
Stroma	0.7735405616948196
Stroma	1.165474133157057
Stroma	-0.2929198081087193
Stroma	0.4831728110781305
Stroma	-0.18616224551404562
Stroma	0.23991982205981802
Stroma	-0.9888653325328723
Stroma	-0.7911265410788272
Stroma	0.21625962710878316
Stroma	-0.4187915468007775
Stroma	-0.7647360627111709
Stroma	-0.235115359578249
Stroma	-1.0107353959017347
Stroma	0.2722068735709845
Stroma	-0.6413688976893952
Stroma	-0.8773234533771933
Stroma	0.2911743544955644
Stroma	0.4776613977877615
Stroma	3.5019133839614778
Stroma	-0.6645497418595839
Stroma	-0.2310013171512285
Stroma	-0.26529978803790616
Stroma	-1.0019027865556944
Stroma	-1.1366749563866332
Stroma	-1.4265219421964237
Stroma	2.1810975354576723
Stroma	-1.156187056447855
Stroma	2.8246227448942967
Stroma	2.9506344404929634
Stroma	-0.7223658607675143
Stroma	3.269174586759967
Stroma	3.316569740411764
Stroma	-1.2566741001587698
Stroma	-0.8674981434379565
Stroma	0.0704228241009168
Stroma	-1.1125721300026177
Stroma	-1.3952347814500015
Stroma	-1.0786358440454589
Stroma	0.03838732277899443
Stroma	1.0166875117797947
Stroma	-0.010520817438779105
Stroma	-0.09496688585171764
Stroma	2.456196734437695
Stroma	-0.11639416524450434
Stroma	2.373803219044289
Stroma	0.5721651819433874
Stroma	0.6824728303408217
Stroma	-1.0720756848048234
Stroma	0.8699232213404039
Stroma	-0.41055900841397214
Stroma	1.6082656048507427
Stroma	0.9282121348028074
Stroma	0.22357100119696133
Stroma	-1.1590340944270487
Stroma	-0.8051866445492905
Stroma	-0.5801366765118539
Stroma	0.4916421756974469
Stroma	-1.0159419612136915
Stroma	0.32040463190219837
Stroma	-0.4132972452887393
Stroma	0.6407330374621945
Stroma	0.4619687348423015
Stroma	-1.2520163935451702
Stroma	-0.5080849487791745
Stroma	-1.3654759435315866
Stroma	-0.7933611831391317
Stroma	-0.07598881527258289
Stroma	0.06246914994824573
Stroma	-1.199629974550933
Stroma	0.24121139023170987
Stroma	0.531484934920957
Stroma	-0.981017612819118
Stroma	-0.8614171721548661
Stroma	-1.1056245867173218
Stroma	-0.2698655692736256
Stroma	0.0661664313702611
Stroma	-0.18383950557309076
Stroma	-1.046513482074515
Stroma	-1.4914906363757667
Stroma	0.6914858915569336
Stroma	0.5597950197898905
Stroma	-1.1231558004967293
Stroma	0.13689707040410798
Stroma	-1.199629974550933
Stroma	-1.234983456445737
Stroma	-0.4258910030648918
Stroma	-0.4829586433478296
Stroma	-0.5964932993699308
Stroma	0.5934328444523064
Stroma	0.06928879839922106
Stroma	1.159190052555065
Stroma	0.3064677248113546
Stroma	-0.6679746206340629
Stroma	-1.3456240357718874
Stroma	0.5043982282718501
Stroma	-0.6404142408247993
Stroma	-0.933669612279302
Stroma	0.3487249732290185
Stroma	0.6723709579121672
Stroma	1.566811630459982
Stroma	0.9614793507594862
Stroma	-1.2998523438958791
Stroma	-0.5337616611800833
Stroma	0.7662500754957033
Stroma	-0.003404342622344183
Stroma	0.5695201581064405
Stroma	-0.8589973869613846
Stroma	0.36940594634951335
Stroma	-0.8904045711266796
Stroma	-0.32256183370603714
Stroma	2.6391682484825747
Stroma	1.2943750321134022
Stroma	-0.5801366765118539
Stroma	0.09825959348438235
Stroma	0.3484804131017219
Stroma	-0.09621929188426571
Stroma	-0.04323068067164114
Stroma	-0.9191920121497247
Stroma	-0.43901211009675367
Stroma	-1.2709649238984515
Stroma	-0.7888974996516095
Stroma	-0.03687815392019331
Stroma	-0.6519286003762645
Stroma	-0.9558350311561109
Stroma	-1.882908420771884
Stroma	-1.7021873117022424
Stroma	-1.1370018322705804
Stroma	0.849646273654836
Stroma	0.32374591387328483
Stroma	-1.00021369621149
Stroma	-0.5765441638713621
Stroma	-0.46111380078130215
Stroma	-0.2046070140178983
Stroma	0.7505736603307629
Stroma	0.47063509005138393
Stroma	1.1808012827121912
Stroma	-0.022449775966423658
Stroma	-0.2961197700934425
Stroma	0.023474924013160977
Stroma	-0.5918208095841198
Stroma	1.2152685820020848
Stroma	1.4867852768661143
Stroma	-0.694356692516082
Stroma	-0.4792252471049869
Stroma	1.836905525102969
Stroma	0.4465692103533653
Stroma	0.7711520935790107
Stroma	0.14042682550464192
Stroma	-0.04351732842215696
Stroma	-0.5290477739290991
Stroma	0.6781871343335868
Stroma	-0.6864956254988164
Stroma	-0.7152968684841893
Stroma	0.2781559477230464
Stroma	-0.04840995280939934
Stroma	0.3787735889602904
Stroma	-0.7447148302104936
Stroma	-0.8648247041405152
Stroma	0.25822472999604734
Stroma	0.054788452740456815
Stroma	-1.0356707377690175
Stroma	-0.875759049175859
Stroma	-0.24427724545031623
Stroma	-0.1353312200157522
Stroma	0.0348009704889269
Stroma	-1.249689745504606
Stroma	1.4805361346791674
Stroma	-0.6900633634238904
Stroma	-0.6685567590652197
Stroma	1.6415775147630043
Stroma	-0.46111380078130215
Stroma	-0.3527655034277863
Stroma	0.9108079561784083
Stroma	0.3461525019018716
Stroma	0.5598158920353677
Stroma	0.6346149161888424
Stroma	1.9105688905589198
Stroma	1.0412668964718022
Stroma	0.711819588325131
Stroma	0.07797673373297695
Stroma	0.3154455244163238
Stroma	-0.2356279656163302
Stroma	2.165084627838072
Stroma	0.3957282544465694
Stroma	-0.47199754095840313
Stroma	-0.6214886102277325
Stroma	-1.5724557755834099
Stroma	-1.3192426951381457
Stroma	0.8160033973144379
Stroma	-1.762880930604743
Stroma	-1.0554647200296312
Stroma	-0.934862017283267
Stroma	-0.4170914078441511
Stroma	-0.4613184809443083
Stroma	-1.0612827336999153
Stroma	-0.6443696589015501
Stroma	0.9600562530484068
Stroma	-0.44989574157380086
Stroma	0.43405405519300316
Stroma	0.13893177092380238
Stroma	0.8251652654727298
Stroma	0.9988247498523484
Stroma	-0.013440406129956029
Stroma	1.4049609021160412
Stroma	1.21728488201466
Stroma	1.070827075366277
Stroma	1.4259747949879276
Stroma	1.0086293243423825
Stroma	-0.7289460890306146
Stroma	3.216432574952923
Stroma	1.383915824281611
Stroma	-0.14696296389722696
Stroma	2.2047705895253276
Stroma	-0.4637766529806522
Stroma	-0.46275196319837913
Stroma	-0.06233651599205436
Stroma	1.0259002900658076
Stroma	2.7195063367200967
Stroma	1.2748358052312538
Stroma	0.6057112602166403
Stroma	1.8501244628691227
Stroma	-1.2891104909716329
Stroma	-1.5705254973483536
Stroma	-1.073346595653536
Stroma	0.3787735889602904
Stroma	-1.93890738922745
Stroma	1.0608987146378654
Stroma	0.2667267069803313
Stroma	-1.1012814033519998
Stroma	-0.29704919594547563
Stroma	-0.09950391049323033
Stroma	0.04731505695625754
Stroma	-0.6694952598757186
Stroma	0.20480935895377464
Stroma	0.4281041090089435
Stroma	0.3652341537500669
Stroma	0.2612039198089788
Stroma	0.302662322214752
Stroma	-1.5448302636743394
Stroma	-1.78726306696682
Stroma	0.6731250464593784
Stroma	0.15606480197346342
Stroma	-0.21969662662535616
Stroma	-0.4466466899065072
Stroma	-1.4934081464699698
Stroma	0.3506637609517483
Stroma	0.46594438226511437
Stroma	-0.3000266027107331
Stroma	0.3814725732768836
Stroma	-0.6097302850589914
Stroma	-1.2112790029613658
Stroma	1.6026980550636885
Stroma	0.680714709422771
Stroma	0.06594996109193543
Stroma	-1.3218432792740638
Stroma	0.08473171801348
Stroma	0.17777676882496685
Stroma	-0.9299654150863147
Stroma	-1.140156212596008
Stroma	-1.559720097390032
Stroma	0.4285012095040882
Stroma	-0.6360909822896225
Stroma	-1.3919017618266354
Stroma	-1.3447620022122597
Stroma	-1.4312322156627375
Stroma	-0.8716471646176586
Stroma	-1.003584520016684
Stroma	-0.7707411332984178
Stroma	1.2552640154488812
Stroma	-0.049226530909026886
Stroma	-0.33311117478554275
Stroma	-0.17739720877957457
Stroma	-1.3501518305611953
Stroma	-1.1394543340390915
Stroma	0.3325683090977775
Stroma	1.2692838527348447
Stroma	0.5846074913359913
Stroma	0.680714709422771
Stroma	1.1485409416292778
Stroma	0.7031212773313047
Stroma	0.9837881524797759
Stroma	0.054788452740456815
Stroma	0.8066974769503932
Stroma	-0.31104887112471735
Stroma	-0.10554218681626457
Stroma	0.49034627417525084
Stroma	1.187316944463902
Stroma	1.398565165993144
Stroma	0.559690093097866
Stroma	0.21972279657065466
Stroma	0.31932259890236364
Stroma	-1.1496828787517304
Stroma	0.4611143876585128
Stroma	-0.19191909338892765
Stroma	1.380555975697584
Stroma	1.692413307097357
Stroma	-0.5864895817313861
Stroma	-0.26516628811977944
Stroma	-0.24337438803675018
Stroma	0.46163699010612436
Stroma	1.1966605744935457
Stroma	-0.590708573246962
Stroma	0.9559005718206793
Stroma	1.0602639269337086
Stroma	-1.1152070979215647
Stroma	-1.280825214858339
Stroma	0.239554227235852
Stroma	1.5998084871108154
Stroma	1.3302493973927487
Stroma	1.5686925823321374
Stroma	-1.656669999525694
Stroma	-0.19613895273614787
Stroma	-1.7528304057321322
Stroma	-0.8629212157286915
Stroma	-0.42428093184824517
Stroma	-0.09950391049323033
Stroma	-0.8233457387715484
Stroma	-1.03062267968741
Stroma	-0.6176342071524291
Stroma	-0.6554822403960564
Stroma	-0.47777711279955476
Stroma	-0.6194467849632533
Stroma	-0.7499293955110974
Stroma	-0.9534855741280126
Stroma	0.27407034885689185
Stroma	-1.5572095300851156
Stroma	0.10927192850981612
Stroma	-0.4063647041119055
Stroma	1.5420849189561574
Stroma	-0.037499158122877026
Stroma	1.3189258688567258
Stroma	-1.2300757732235066
Stroma	-0.6991426076112607
Stroma	-0.762427498935601
Stroma	0.3413586844241929
Stroma	-1.4078505186507135
Stroma	0.9480110575217475
Stroma	0.9080296846432646
Stroma	-0.4280879462850539
Stroma	-0.46111380078130215
Stroma	0.6908020312270365
Stroma	-0.7870157955133372
Stroma	-1.9603603246588732
Stroma	0.4196176601173599
Stroma	-0.3336805201966946
Stroma	0.13219157486967087
Stroma	0.6989412307757485
Stroma	-1.5666863229325905
Stroma	1.0619564099994638
Stroma	-0.7839488422032702
Stroma	-1.2787671264791938
Stroma	1.940120333988625
Stroma	0.5857289232672277
Stroma	1.3048165209632752
Stroma	-0.8233457387715484
Stroma	-0.5583698495801159
Stroma	-1.0564321134531347
Stroma	0.6273871633349812
Stroma	-0.5427771499254357
Stroma	-0.5069915696717143
Stroma	0.5541490134111265
Stroma	1.4479003211995012
Stroma	0.8371466909555029
Stroma	-0.07553184135422249
Stroma	2.073467917085171
Stroma	1.3325875182711517
Stroma	0.6244415527892846
Stroma	0.5620792523142162
Stroma	2.1396288632012688
Stroma	1.8379239461013284
Stroma	0.6253010193517676
Stroma	-0.23832652427753637
Stroma	2.1566948174030207
Stroma	-0.5145914521017401
Stroma	0.3933132481243596
Stroma	0.22922855592693944
Stroma	0.16006842479739497
Stroma	0.8697610292298327
Stroma	-0.46111380078130215
Stroma	1.0412668964718022
Stroma	1.1112738564512266
Stroma	0.6946352068343307
Stroma	-1.758824055794455
Stroma	0.48219483991800954
Stroma	-0.920518798839371
Stroma	-1.116233874669039
Stroma	-1.5982391737038402
Stroma	0.2451282305612339
Stroma	-0.9119967319493815
Stroma	-0.8683676263640607
Stroma	-1.6962094133901962
Stroma	0.5288144965524202
Stroma	0.7279530423435349
Stroma	0.35271157840906464
Stroma	-0.6358616921014251
Stroma	-0.9844180800985568
Stroma	-1.69536283024079
Stroma	0.15235136858563458
Stroma	-0.7504270798810991
Stroma	-1.0928856243743215
Stroma	-0.8459209298535723
Stroma	-0.8076496713412524
Stroma	0.34683656295539306
Stroma	0.5262675491327784
Stroma	-1.3157888476072825
Stroma	-0.45641323754201046
Stroma	-1.7528304057321322
Stroma	-1.079597554922019
Stroma	-0.6685567590652197
Stroma	0.0006387136997027774
Stroma	0.672401133652038
Stroma	-0.16125562390340775
Stroma	1.470439797286578
Stroma	0.10517564021785104
Stroma	0.04731505695625754
Stroma	0.49550844663170485
Stroma	-1.0822411439497241
Stroma	0.8876137855117908
Stroma	1.4641619111325115
Stroma	-0.049226530909026886
Stroma	0.4716763028737652
Stroma	0.057739486000538055
Stroma	-0.3274278388564881
Stroma	1.0354066256986407
Stroma	0.40242432490515195
Stroma	-0.13806186325170017
Stroma	-1.758824055794455
Stroma	1.524422080025395
Stroma	-1.4358049700171558
Stroma	1.0177594983615947
Stroma	0.9311774204553932
Stroma	2.5064679019485108
Stroma	1.603239597328736
Stroma	-1.2568638814927169
Stroma	-0.980504330273197
Stroma	-0.7778364498809651
Stroma	-1.5092751424738433
Stroma	-0.920518798839371
Stroma	-0.6317406360289092
Stroma	0.3425922828367937
Stroma	0.5090103568717462
Stroma	-0.8884566097126243
Stroma	-0.7806344195552267
Stroma	-1.4419522087238683
Stroma	0.8062371504263088
Stroma	-0.5399785247881529
Stroma	-1.5369324556178727
Stroma	-1.0516041635595186
Stroma	-0.910865112179126
Stroma	-0.5421308640773762
Stroma	0.975752969709252
Stroma	0.9040244436527408
Stroma	0.9723806125109753
Stroma	0.9174653344542018
Stroma	-1.3218432792740638
Stroma	-0.30039912696342547
Stroma	0.7093201042894028
Stroma	-0.5404087533974031
Stroma	-0.6991426076112607
Stroma	-0.8076496713412524
Stroma	1.6519246424080714
Stroma	0.8178380807262335
Stroma	0.8663804928911102
Stroma	1.1433906476537856
Stroma	1.779101538229237
Stroma	-1.2596705741164471
Stroma	0.24626997170379894
Stroma	-1.1539480926832846
Stroma	2.2410928335733535
Stroma	-0.43512380111540927
Stroma	-0.8840248964203516
Stroma	-0.9007290101531576
Stroma	0.6158318693256147
Stroma	-0.2961197700934425
Stroma	0.4339219865870594
Stroma	-0.5918208095841198
Stroma	0.9267609779272948
Stroma	0.7533885818029303
Stroma	0.903690431644765
Stroma	1.6026980550636885
Stroma	0.4831018303327759
Stroma	2.0110363871207957
Stroma	-0.9461746397581426
Stroma	1.2745386114935722
Stroma	0.9236656165103059
Stroma	1.4568393270193472
Stroma	-1.6505527091109162
Stroma	0.8471506134608591
Stroma	-0.9119967319493815
Stroma	0.918241068712953
Stroma	-0.2638879493272263
Stroma	0.6326567441343144
Stroma	0.1362381419198386
Stroma	-0.14696296389722696
Stroma	0.6311871901805634
Stroma	1.9434271887285195
Stroma	1.5430025053846415
Stroma	1.6842090264989715
Stroma	1.3993294523889743
Stroma	-1.5572095300851156
Stroma	0.3375168128406704
Stroma	0.8901874040105984
Stroma	1.060369733768423
Stroma	0.43405405519300316
Stroma	1.583603044368598
Stroma	-0.7747909108396426
Stroma	-0.4174900147913685
Stroma	-1.3880900117584996
Stroma	-1.4950879206451733
Stroma	0.05354469667068178
Stroma	0.748695494966076
Stroma	0.30391586577397056
Stroma	-0.17739720877957457
Stroma	0.5174614792880088
Stroma	1.5973686525796325
Stroma	0.15235136858563458
Stroma	1.1625084746545558
Stroma	2.295620083924147
Stroma	0.793433768706673
Stroma	1.3697825307681202
Stroma	-1.2941230852102217
Stroma	-1.0749878505376886
Stroma	0.0006387136997027774
Stroma	-1.9963612275215725
Stroma	-0.5462285788991555
Stroma	1.0906956043296263
Stroma	-1.477407966391355
Stroma	-0.24193073390167222
Stroma	-0.1852567746356596
Stroma	1.1110656049992549
Stroma	-0.6427562059377688
Stroma	-1.1310718848602817
Stroma	-0.30786596966562224
Stroma	0.3826861548742241
Stroma	-0.9886484490638299
Stroma	0.2290848200443947
Stroma	0.9623503859838057
Stroma	-1.0612827336999153
Stroma	0.7511603323383949
Stroma	0.6931983847682361
Stroma	-0.4613184809443083
Stroma	0.3933132481243596
Stroma	-0.5627294170326353
Stroma	0.2438431039734203
Stroma	-0.06958327739515427
Stroma	-0.6953125611713817
Stroma	-1.3367496215884953
Stroma	-0.07735296589023545
Stroma	0.7046722733456192
Stroma	0.44538621371639564
Stroma	-1.0499998301430602
Stroma	-0.6864956254988164
Stroma	0.9418605724083221
Stroma	-1.3753755599491142
Stroma	0.662851857225193
Stroma	0.08672349610914001
Stroma	0.5678546367711899
Stroma	0.3686260041795037
Stroma	-0.08548535363791879
Stroma	0.9567759232049546
Stroma	1.5420849189561574
Stroma	0.13099117580540062
Stroma	0.38430333755002316
Stroma	-1.4363150300722973
Stroma	1.404388626915007
Stroma	1.1700833123474954
Stroma	1.7021822743126993
Stroma	0.31170098804274715
Stroma	1.645773339464683
Stroma	-0.8191411573607835
Stroma	-1.762880930604743
Stroma	0.39559414899976875
Stroma	0.6447504269403648
Stroma	1.6993685794913846
Stroma	1.8916111654675793
Stroma	0.9932081348857349
Stroma	-1.5423880246640815
Stroma	-1.0743310301512328
Stroma	-0.7340999842738001
Stroma	0.027729291823484846
Stroma	1.0193679220718523
Stroma	1.7586303710743738
Stroma	1.9779049124991823
Stroma	-1.2812374614394426
Stroma	0.5742431426967941
Stroma	1.0700888044908123
Stroma	-0.6052326560056452
Stroma	1.404388626915007
Stroma	1.920554383246553
Stroma	-0.04400606422625205
Stroma	0.9153587605282513
Stroma	0.05401118977082314
Stroma	2.3829861438992554
Stroma	1.3959844621001423
Stroma	0.7510430076305115
Stroma	-0.5348250682994437
Stroma	1.6830607702164933
Stroma	-1.4358049700171558
Stroma	1.0561346843708816
Stroma	0.7642701762695103
Stroma	-1.4934081464699698
Stroma	1.0267559783662883
Stroma	0.707533391021041
Stroma	1.29301377290083
Stroma	0.4149644698790309
Stroma	-0.783183229007403
Stroma	-1.0038914775665968
Stroma	-1.096235419421259
Stroma	-0.9007290101531576
Stroma	-0.4075531816947507
Stroma	-1.3266340432758525
Stroma	-0.4063647041119055
Stroma	-1.029993363642875
Stroma	-0.1430209182008867
Stroma	-0.39216788363394867
Stroma	-1.4312322156627375
Stroma	-0.48919061306896955
Stroma	-0.10957793531364149
Stroma	-0.1292011803853779
Stroma	-0.6864956254988164
Stroma	0.5069574573310477
Stroma	-0.7123896368226149
Stroma	0.16613441137576238
Stroma	-1.4162139803270755
Stroma	0.4169597520712541
Stroma	-0.3298883639195122
Stroma	-0.7172384448161807
Stroma	1.399711532806686
Stroma	0.28588519533978785
Stroma	0.10122382703476486
Stroma	1.6168423573843114
Stroma	-0.0728858688026562
Stroma	0.8443120590010147
Stroma	1.2680929542159518
Stroma	0.4169597520712541
Stroma	1.1309963369272047
Stroma	-0.9748089535733085
Stroma	0.40830201779622693
Stroma	-1.1342066831976543
Stroma	0.24055567127049637
Stroma	0.3461525019018716
Stroma	1.2668023372990134
Stroma	0.345194493529955
Stroma	1.9934432586445616
Stroma	-0.1271620893513072
Stroma	0.45129568874952525
Stroma	0.28925008715984446
Stroma	0.9569947217510563
Stroma	0.35925308586666094
Stroma	0.45129568874952525
Stroma	-0.8793339841341776
Stroma	0.23654730813589372
Stroma	1.2188970372512278
Stroma	2.3222155481455538
Stroma	2.326519352203823
Stroma	0.5491015704399846
Stroma	0.45300031324177986
Stroma	-0.6194467849632533
Stroma	2.1599899888905933
Stroma	0.7784823503450865
Stroma	0.2153890368027931
Stroma	2.2463996338357624
Stroma	2.0395460552062343
Stroma	-0.6079295949542548
Stroma	-0.3915789255637672
Stroma	0.3270580866479513
Stroma	-1.5666863229325905
Stroma	1.8674283570672328
Stroma	-1.2082482162877501
Stroma	-1.1012814033519998
Stroma	0.6096652811819986
Stroma	0.3935816981526347
Stroma	-1.480136641883461
Stroma	-0.2822357404407722
Stroma	-1.2628898927803556
Stroma	1.2509767537221148
Stroma	-1.5572095300851156
Stroma	-1.314927792267296
Stroma	-1.5162097146032139
Stroma	-0.7504270798810991
Stroma	-1.4424671150656752
Stroma	0.37958359404256664
Stroma	-0.4474583501048803
Stroma	0.711819588325131
Stroma	-0.9435541219377788
Stroma	-0.005749093247049778
Stroma	-0.5741229897989217
Stroma	-1.6475258172286205
Stroma	0.05401118977082314
Stroma	0.2406986995694815
Stroma	1.1718209925888197
Stroma	-0.7208863246937054
Stroma	1.2273479963104266
Stroma	-1.6620944535185005
Stroma	2.479048465498275
Stroma	-1.030937478015002
Stroma	-1.1080497393613562
Stroma	-0.10084416518013845
Stroma	-0.35949498862890644
Stroma	0.2706838150386923
Stroma	0.020949770132007252
Stroma	-0.040099441344578414
Stroma	-0.8304728108165516
Stroma	0.7255862745589573
Stroma	1.0327392300295741
Stroma	0.3220881215468656
Stroma	-0.08798146605884397
Stroma	0.6875636737818036
Stroma	0.701808222942807
Stroma	-0.7208863246937054
Stroma	-1.4845281239054764
Stroma	-0.4383501777212294
Stroma	1.6031493457998895
Stroma	1.5050966865314224
Stroma	-1.3218432792740638
Stroma	0.1446076556375984
Stroma	-1.1172617358498218
Stroma	-0.19860488645519705
Stroma	-0.9228018635818842
Stroma	0.9893137067875979
Stroma	0.34683656295539306
Stroma	-0.8993280458237338
Stroma	0.1201582384056505
Stroma	-1.520879748549165
Stroma	0.5848567390713002
Stroma	-1.5666863229325905
Stroma	0.3578917137055033
Stroma	0.26686814669820796
Stroma	-0.5042561220613856
Stroma	0.7773200689674468
Stroma	0.6116401211113441
Stroma	0.13084108028983726
Stroma	-1.4698316000412746
Stroma	-1.4518065264382638
Stroma	0.33792873278547336
Stroma	-1.6326921448363287
Stroma	-0.11480298471383202
Stroma	-1.4872890634982339
Stroma	0.07751539982483914
Stroma	0.3767474123264737
Stroma	-1.2824754647748782
Stroma	-0.34893176514714974
Stroma	0.7391681455744482
Stroma	-1.4424671150656752
Stroma	0.9311774204553932
Stroma	-0.6573427207004314
Stroma	-0.2638879493272263
Stroma	-0.6068052742064273
Stroma	-0.22415797921176409
Stroma	0.05944612664632553
Stroma	-0.8488724465656181
Stroma	-0.3907939657874017
Stroma	-0.27616044535571616
Stroma	-0.06974827870684897
Stroma	-0.6108568299852014
Stroma	-0.6344867097927007
Stroma	-1.1009442030597134
Stroma	-1.520879748549165
Stroma	-1.7056450552056264
Stroma	-1.6945180618525164
Stroma	-1.144025858796193
Stroma	-1.0616069222930091
Stroma	-1.559720097390032
Stroma	-1.0928856243743215
Stroma	0.6850423381443141
Stroma	1.0903812004893858
Stroma	-1.7270837396120773
Stroma	1.4163867889541832
Stroma	-0.49754273804038307
Stroma	-1.3871403067609906
Stroma	-1.7056450552056264
Stroma	-1.6620944535185005
Stroma	-1.2312399702690724
Stroma	-1.4440142987456115
Stroma	-1.1472037534091144
Stroma	-0.14764935397775106
Stroma	-1.7950843063402362
Stroma	0.3175233052568175
Stroma	-0.32082036244048134
Stroma	0.11048417877952871
Stroma	-0.14850768292264493
Stroma	1.4311850051911514
Stroma	0.19651447258993432
Stroma	-0.5367556100397616
Stroma	-0.934862017283267
Stroma	0.4486709540407315
Stroma	0.9359179056004263
Stroma	-0.5918208095841198
Stroma	-0.45559712874864045
Stroma	-0.2820513405534795
Stroma	-0.8191411573607835
Stroma	1.0640707364641815
Stroma	1.8246638043330596
Stroma	1.1162678327362983
Stroma	1.0754636917937703
Stroma	0.1398289239905716
Stroma	-0.23454964141529408
Stroma	-0.6333418830191895
Stroma	0.6773440961835065
Stroma	-0.8178300767416357
Stroma	-0.8653691016455217
Stroma	1.8513931778268018
Stroma	-0.8371081158977639
Stroma	0.7975924381868543
Stroma	-0.4925262211108324
Stroma	-0.37303310940095624
Stroma	1.736394997056375
Stroma	-0.04726729201302466
Stroma	-1.3647206480869658
Stroma	-0.2805768181866042
Stroma	0.010025253569201524
Stroma	0.188482001069232
Stroma	0.28012578457083764
Stroma	-0.3073048712753086
Stroma	0.4490648372573135
Stroma	-1.5731008052239268
Stroma	0.918241068712953
Stroma	-0.8120773086122139
Stroma	-1.096235419421259
Stroma	1.7420529199208425
Stroma	-0.8884566097126243
Stroma	-0.7806344195552267
Stroma	1.0335930445149997
Stroma	-0.3543013704783542
Stroma	-0.6217156550393769
Stroma	-1.280825214858339
Stroma	1.371612530697779
Stroma	0.47687603035427584
Stroma	-1.00021369621149
Stroma	2.0452727605345467
Stroma	1.1169954710876415
Stroma	-0.17269693858337726
Stroma	-1.6861676929827145
Stroma	0.05354469667068178
Stroma	-0.9018509715366865
Stroma	-1.37211600671969
Stroma	1.7309904011035746
Stroma	-1.4481583706922228
Stroma	-0.6601379818762751
Stroma	-0.09950391049323033
Stroma	-0.07751860440587127
Stroma	-1.0999332916367692
Stroma	-0.23472931857847285
Stroma	-0.581177197865325
Stroma	-0.6450616904707593
Stroma	0.15235136858563458
Stroma	-1.0664820797796728
Stroma	-1.0347223865106039
Stroma	1.1704922616174742
Stroma	-1.0410609321624664
Stroma	1.2787958826852224
Stroma	0.60595855645896
Stroma	0.5698605260682639
Stroma	0.4046968936912426
Stroma	1.3318083221890062
Stroma	0.8547444441903038
Stroma	0.9266504840062456
Stroma	-0.9757062873113209
Stroma	0.2023385872616312
Stroma	-0.12665264758552344
Stroma	1.2128473969308906
Stroma	0.9412008515393555
Stroma	-1.2488963990020852
Stroma	0.9470234269026893
Stroma	-0.09632441761145691
Stroma	0.7361031732471649
Stroma	-0.41529885104900266
Stroma	0.5288144965524202
Stroma	1.684650570507693
Stroma	1.379307203071738
Stroma	0.20350163499871293
Stroma	0.2455564489124914
Stroma	-0.36876679371575427
Stroma	-0.875759049175859
Stroma	-0.1628118023271293
Stroma	1.5405244897069335
Stroma	0.5698605260682639
Stroma	-0.013761495981850827
Stroma	-0.0709036655432821
Stroma	0.8735876412286894
Stroma	0.25182798653697236
Stroma	-0.6613042887610424
Stroma	-0.5307573324343954
Stroma	0.23080906295835088
Stroma	-0.9781027194453993
Stroma	-0.06299424161454233
Stroma	-1.1217284165669068
Stroma	0.8352101712768953
Stroma	1.8256854097016206
Stroma	-0.6324266692593616
Stroma	0.727598153940375
Stroma	0.3386151107332856
Stroma	1.0654442888178144
Stroma	0.025997063681743354
Stroma	0.6453598002921261
Stroma	-0.1704379514793762
Stroma	-0.7619253156320233
Stroma	-0.8585814388248317
Stroma	1.945410000674364
Stroma	1.7351752719873474
Stroma	0.9809673763153116
Stroma	0.5281779920267454
Stroma	-1.0812489857510024
Stroma	-0.2704718337025473
Stroma	1.5360230240522754
Stroma	-0.8371081158977639
Stroma	0.32829898161804766
Stroma	-1.0616069222930091
Stroma	-1.9504164087845959
Stroma	0.9210099164444283
Stroma	0.6244415527892846
Stroma	0.26233785656135045
Stroma	-1.1227621199930393
Stroma	-1.1564451385741434
Stroma	-1.2437577874793004
Stroma	0.5247381895904625
Stroma	-1.0723631139887406
Stroma	-0.2961197700934425
Stroma	0.22448055753616358
Stroma	-0.4545775656526048
Stroma	-0.3441514346231522
Stroma	0.04028493115826034
Stroma	-1.2359126376295029
Stroma	-0.401224302702942
Stroma	-0.6324266692593616
Stroma	-0.4113222469190877
Stroma	-0.8735643136003401
Stroma	1.1551213884478753
Stroma	-0.32913091297301605
Stroma	0.27956314117795933
Stroma	-0.08881419559980978
Stroma	0.32374591387328483
Stroma	0.38430333755002316
Stroma	0.31433664027411723
Stroma	-0.501105690250536
Stroma	-1.8008006276737096
Stroma	-0.4460382078282674
Stroma	0.07212589579087811
Stroma	0.47050490867166417
Stroma	-1.0359870445728927
Stroma	-0.5361118295320644
Stroma	1.4173372657562568
Stroma	-0.5069915696717143
Stroma	0.09467244481578181
Stroma	0.7197792663676145
Stroma	0.9482304873857786
Stroma	-0.42568250262445745
Stroma	-0.8243990676496972
Stroma	-0.47199754095840313
Stroma	0.24983432110349305
Stroma	-1.0671338573236095
Stroma	0.37512527167072207
Stroma	1.4134386718918492
Stroma	1.336480840366996
Stroma	1.6584215517479606
Stroma	-1.0109756142735327
Stroma	-0.8793339841341776
Stroma	-0.30637009966114465
Stroma	1.2618337939849746
Stroma	1.9532490877521438
Stroma	-1.2453355669200667
Stroma	1.2668023372990134
Stroma	-1.2453355669200667
Stroma	-1.6148015218665996
Stroma	-1.2787671264791938
Stroma	-0.04677777591655604
Stroma	-0.9094521135671902
Stroma	0.3539394450650014
Stroma	-0.8539871289301526
Stroma	-1.9014940406600969
Stroma	1.0903812004893858
Stroma	-0.7717524108227977
Stroma	0.025997063681743354
Stroma	-2.0119949272501993
Stroma	-1.4117734077054944
Stroma	-0.8793339841341776
Stroma	-1.1650576462064466
Stroma	0.29498745900578505
Stroma	-0.6991426076112607
Stroma	0.785678007693543
Stroma	1.0432888059884469
Stroma	1.5283853136773906
Stroma	-0.02583843027364185
Stroma	0.15784507046117044
Stroma	1.5291221805611008
Stroma	0.8859341393453172
Stroma	-1.6183252922731501
Stroma	1.4918139628860816
Stroma	0.31766176021027603
Stroma	-0.3575696103563063
Stroma	-0.30058541818111106
Stroma	2.064010560183525
Stroma	-0.13806186325170017
Stroma	0.4481456813146631
Stroma	0.15680675197986998
Stroma	1.1185541403698098
Stroma	0.13099117580540062
Stroma	-1.2689601605245837
Stroma	0.039502373071103325
Stroma	0.06594996109193543
Stroma	-0.23401071432347328
Stroma	1.4066771656700408
Stroma	-0.3298883639195122
Stroma	-0.9999077748082035
Stroma	0.34683656295539306
Stroma	0.8062371504263088
Stroma	1.7514353476527889
Stroma	0.6336360061770581
Stroma	-1.7382935689490908
Stroma	0.03511472099674951
Stroma	0.9071400937301254
Stroma	1.799979092614546
Stroma	-1.314927792267296
Stroma	1.164045339832343
Stroma	0.8393095212131839
Stroma	1.0267559783662883
Stroma	1.3280071971358396
Stroma	0.8179527099982931
Stroma	1.6031493457998895
Stroma	1.030069553559217
Stroma	0.2907907394897236
Stroma	0.7510430076305115
Stroma	0.27138974352221173
Stroma	0.28700735532985694
Stroma	-1.0509621327727339
Stroma	-0.25187876110444923
Stroma	-0.09749521928129291
Stroma	-0.9117137250713148
Stroma	0.7007334461050145
Stroma	-0.6176342071524291
Stroma	1.094047313248016
Stroma	0.5284326124079786
Stroma	2.4233406326507203
Stroma	-1.7659569731014304
Stroma	-0.5996297135632952
Stroma	-0.8076496713412524
Stroma	-0.7806344195552267
Stroma	-0.9865312363165044
Stroma	-0.6805694725438519
Stroma	-0.910865112179126
Stroma	-0.02196613588918103
Stroma	-0.297607082861057
Stroma	-1.1063532867697077
Stroma	0.05276698242703182
Stroma	-1.477407966391355
Stroma	0.3720131807006263
Stroma	-1.7197993308491906
Stroma	-0.565351143204242
Stroma	-0.8845779691426152
Stroma	-0.3806223008348601
Stroma	0.6566694964435488
Stroma	0.46750890764437625
Stroma	0.3968008376150148
Stroma	-1.7243350547751954
Stroma	0.14356318195169523
Stroma	-1.9829993709267744
Stroma	0.18159537706289766
Stroma	0.2660193809945565
Stroma	-0.6271753063577172
Stroma	1.5199928651107266
Stroma	0.6537553290210686
Stroma	0.8283651228787393
Stroma	-0.01810108058472104
Stroma	-0.536970262867373
Stroma	-0.9429725980692392
Stroma	0.59604894428067
Stroma	-0.19350043998887476
Stroma	0.31308853385007107
Stroma	0.2464126501073307
Stroma	-0.47777711279955476
Stroma	-1.311064830453936
Stroma	-1.1152070979215647
Stroma	-1.1657789800540523
Stroma	0.4181561593232901
Stroma	-1.5881655144955
Stroma	-0.8881791486435575
Stroma	-0.7604199042443305
Stroma	0.7222694527136535
Stroma	-1.5007217815432836
Stroma	1.0277183469329547
Stroma	0.017156363947256566
Stroma	-0.02003270588881773
Stroma	-0.9245170984730373
Stroma	-0.07553184135422249
Stroma	0.8204734115517872
Stroma	-1.0048128714405553
Stroma	-1.21584489782388
Stroma	-1.1300292282187117
Stroma	-0.022611014474815963
Stroma	-1.3661015185374787
Stroma	-0.9210891467788146
Stroma	-1.2991674727575016
Stroma	1.8869204710299596
Stroma	-0.03409127874269858
Stroma	0.3412215792876985
Stroma	0.00573493716221924
Stroma	0.8271084547248994
Stroma	-1.1080497393613562
Stroma	-1.2378671494538713
Stroma	1.348231296461044
Stroma	-0.3784783513366162
Stroma	1.5880462697695017
Stroma	-0.37984237175257973
Stroma	-0.545149178716657
Stroma	-0.5220820598941348
Stroma	-0.6589986710686662
Stroma	0.12404816268220101
Stroma	0.256481449763925
Stroma	-0.42986351724375255
Stroma	-0.7518146059419772
Stroma	0.056986664983597335
Stroma	-0.8562672270211652
Stroma	0.5912753420903054
Stroma	-0.30097270203431764
Stroma	-0.09426994945870867
Stroma	2.5421846320368733
Stroma	2.8590287544841826
Stroma	1.458044499807505
Stroma	2.1077865388683925
Stroma	1.5537934003471245
Stroma	1.3957144822602379
Stroma	-0.7315512641371952
Stroma	-0.6144713538126378
Stroma	1.1412737670484032
Stroma	0.8285275416503933
Stroma	-0.5895170038044637
Stroma	-0.66319938120785
Stroma	0.623974232678067
Stroma	0.06692042473434397
Stroma	-0.20099055495794027
Stroma	0.07192866810298544
Stroma	1.7006278374415367
Stroma	0.28765068470577715
Stroma	0.9046761773677743
Stroma	0.48769652094140364
Stroma	-1.042653895815138
Stroma	-0.22477131348025836
Stroma	1.0287576400376266
Stroma	-0.8858546467745853
Stroma	1.3625135916629196
Stroma	1.3926023047948612
Stroma	0.35786008190291424
Stroma	-0.8601594279577152
Stroma	0.1388911803571946
Stroma	1.2936338878312514
Stroma	0.9982209624906386
Stroma	0.9002622250982328
Stroma	-0.8374133953220528
Stroma	0.8773006127051906
Stroma	-0.5383673496763549
Stroma	0.5654614907477086
Stroma	1.0475008218498378
Stroma	-0.030539752696492728
Stroma	-0.9009907930138803
Stroma	0.5201176857897791
Stroma	0.7174165134056076
Stroma	1.0761977370897389
Stroma	1.1106957527739103
Stroma	-0.10128439226857083
Stroma	-0.2597309561911685
Stroma	-0.41165558579879896
Stroma	-0.43153341757480396
Stroma	-0.5864967667111256
Stroma	0.08838565848819852
Stroma	-0.6775846857028244
Stroma	1.4824535892429442
Stroma	0.26337764212435816
Stroma	-0.12574117135091575
Stroma	-0.5522097764725551
Stroma	-0.7093044014365294
Stroma	0.03049933872226782
Stroma	0.17302911997923517
Stroma	-1.4076246382363609
Stroma	0.639047927121403
Stroma	-0.11686560505662824
Stroma	0.4013144366718431
Stroma	-0.5490941747148174
Stroma	0.7757837883662281
Stroma	0.15555756450963787
Stroma	0.14638673624453516
Stroma	-0.5439228414793523
Stroma	0.8200232154827582
Stroma	-0.0807656009543406
Stroma	-0.5740834257485791
Stroma	-0.7593825473975251
Stroma	-1.134334079351653
Stroma	1.410100986617792
Stroma	-0.6233856830099547
Stroma	-0.017188128864756028
Stroma	1.3993882833610898
Stroma	-0.5334545002318752
Stroma	1.3618700340365784
Stroma	-0.03506210540562655
Stroma	1.8136757567733781
Stroma	0.30421768330875976
Stroma	-0.7135083540102866
Stroma	0.25452275019605863
Stroma	1.913381646893594
Stroma	1.5221629658242388
Stroma	1.8522187807754764
Stroma	0.6543964532217185
Stroma	-0.4957586246559822
Stroma	-0.6878685543028916
Stroma	2.2159883951657964
Stroma	-0.42044717752120364
Stroma	0.8459671493608569
Stroma	2.921160333348417
Stroma	0.29206049367053566
Stroma	2.5714057692453554
Stroma	-0.9337078325839493
Stroma	2.304560317375361
Stroma	1.3971986830599257
Stroma	1.8595575255788401
Stroma	-0.4224715300947325
Stroma	-0.5914635844110328
Stroma	0.558465328457089
Stroma	0.8619867531239651
Stroma	1.5935305440645402
Stroma	0.600682321426378
Stroma	-0.9797368747236135
Stroma	0.5123627978387597
Stroma	0.8028340746617995
Stroma	-0.8592592948687946
Stroma	1.139106663772236
Stroma	-0.581126784920814
Stroma	-0.36656634197123267
Stroma	-0.5860660728529001
Stroma	-0.3130075871919808
Stroma	0.21654287875847797
Stroma	-0.8094670272897807
Stroma	-0.12442819846242616
Stroma	-0.9155062620639137
Stroma	0.6271311390831105
Stroma	-0.5692041798989113
Stroma	-0.07920992259760218
Stroma	0.1006525461340243
Stroma	0.518609267980481
Stroma	-0.4762442123507866
Stroma	-0.18171559540417226
Stroma	0.09939212386894651
Stroma	-0.23500392127625305
Stroma	-0.011095965387939421
Stroma	0.19164000679209403
Stroma	-1.4104848565440171
Stroma	0.12006781031327662
Stroma	-0.025348758190868098
Stroma	-0.6883498439901282
Stroma	-0.39787217602674624
Stroma	-1.0918436620495677
Stroma	-0.3436178204845485
Stroma	-0.07920992259760218
Stroma	-1.4306710537606253
Stroma	-0.3455135653219659
Stroma	-0.4879100309491144
Stroma	0.7653788451246373
Stroma	0.6329546404759471
Stroma	-0.816778243442444
Stroma	-0.9859354548674767
Stroma	-0.08175643344486451
Stroma	-1.1383206885634556
Stroma	-0.2687814951328943
Stroma	-1.0222913908621285
Stroma	-0.443668314186483
Stroma	-0.8604597315944368
Stroma	-0.4847867111967409
Stroma	0.23621590370903545
Stroma	-1.133838407076272
Stroma	0.1293819488592958
Stroma	-0.3292379076766348
Stroma	0.23341872173761677
Stroma	-1.1050965160236723
Stroma	0.4063196238669321
Stroma	-0.8759513188914627
Stroma	-0.5006936679717803
Stroma	0.7849838797675586
Stroma	-0.5034674097969408
Stroma	-1.235209060559355
Stroma	-0.7572876673739196
Stroma	-0.668125359188477
Stroma	-0.5958034635684744
Stroma	-0.4307909333949461
Stroma	-0.07173725238806536
Stroma	-0.9992900866206388
Stroma	0.24179720343569205
Stroma	-0.6864262855409837
Stroma	0.43713392819010943
Stroma	0.4064259784389002
Stroma	-1.1418405322070575
Stroma	-0.5172463106335842
Stroma	1.6324451692338435
Stroma	0.7792715838154511
Stroma	1.5499663911365607
Stroma	0.7041591566975597
Stroma	-0.3491409910698787
Stroma	1.359008058276891
Stroma	0.7577248139894596
Stroma	-0.4675769818459438
Stroma	-0.7112801224949685
Stroma	0.36428336441757037
Stroma	0.2540615714937163
Stroma	0.04660061273877498
Stroma	-1.3699550509914875
Stroma	-1.2249348746101592
Stroma	-0.9327012901580226
Stroma	-0.9611780904204054
Stroma	0.17556231695242355
Stroma	0.24214545911251875
Stroma	-0.31839402308299325
Stroma	-0.06052851856019216
Stroma	-0.007317389366829339
Stroma	-1.2512714746857572
Stroma	-0.5582608899772061
Stroma	-0.7771486479338295
Stroma	-0.8759513188914627
Stroma	-0.5488868110007614
Stroma	-0.8759513188914627
Stroma	-0.9707407863992753
Stroma	-0.47392615599532184
Stroma	-1.135824613678883
Stroma	0.08075184118980841
Stroma	-0.4886922904590379
Stroma	-0.9793743313631075
Stroma	1.2240978653335313
Stroma	-0.5046583987945376
Stroma	-0.939103843837201
Stroma	-0.9421599818838906
Stroma	1.4274270587631366
Stroma	-1.133838407076272
Stroma	-0.7893125059827246
Stroma	-0.6939040119430626
Stroma	-0.06556200968133398
Stroma	-0.03670993720960805
Stroma	0.5210222103721807
Stroma	-0.5576332100772127
Stroma	-1.186693807008711
Stroma	0.005167202547427825
Stroma	-1.1646915865214325
Stroma	-0.14632277445982841
Stroma	-0.40492460519528645
Stroma	-0.3312818345318876
Stroma	-0.3486221195542257
Stroma	-1.015674733834155
Stroma	-1.2771009728377176
Stroma	-0.727759867592923
Stroma	0.8887657084753678
Stroma	-1.3377904656763429
Stroma	0.8721494333149957
Stroma	0.20354250151352615
Stroma	1.3489689303837762
Stroma	-0.3362354768012989
Stroma	-0.37025822985771356
Stroma	0.00730503028773028
Stroma	-0.6650727288187398
Stroma	-0.2183571907356089
Stroma	-0.4283812394707299
Stroma	0.06692042473434397
Stroma	-1.117796431579496
Stroma	-1.2704236569611356
Stroma	2.785257743106999
Stroma	-1.214971068385987
Stroma	-1.3699550509914875
Stroma	-0.6823528034717017
Stroma	0.613706595254486
Stroma	-1.133838407076272
Stroma	3.091329728338449
Stroma	-0.1678109863119901
Stroma	-0.27528535661024245
Stroma	-0.15493807903705534
Stroma	-0.08062410781602806
Stroma	-0.5488868110007614
Stroma	0.03049933872226782
Stroma	-1.0780839721906719
Stroma	1.017835379034088
Stroma	0.9127197404989462
Stroma	-0.929691385400413
Stroma	-0.4971381159178843
Stroma	0.27390129781994393
Stroma	2.748334246154538
Stroma	-1.334927202758371
Stroma	-0.015019264979827395
Stroma	0.7119020374579974
Stroma	0.631428665399591
Stroma	0.8477041478578018
Stroma	-1.3055921968103992
Stroma	0.5975835321434344
Stroma	-1.2893860456140696
Stroma	-0.19929690167225556
Stroma	-1.3293096691443997
Stroma	-1.1088217589880838
Stroma	0.265785138498921
Stroma	0.06743480225561507
Stroma	-1.4393702570461724
Stroma	0.1598204991535691
Stroma	-0.7958795981604806
Stroma	-0.6247302006835853
Stroma	-0.5389831263160282
Stroma	-0.8698344337074241
Stroma	-1.1014018720921186
Stroma	0.7992925842155237
Stroma	0.22851309663909658
Stroma	-0.03396454270352741
Stroma	0.2939794265026289
Stroma	2.145239169869065
Stroma	1.5088475267997252
Stroma	0.9334275015756991
Stroma	0.6863606998822137
Stroma	-0.32719738359237177
Stroma	0.26853267074235715
Stroma	2.598613882698412
Stroma	2.18265136029414
Stroma	-0.19606942540693179
Stroma	0.6848711109105369
Stroma	-0.12501159312803922
Stroma	-0.9611780904204054
Stroma	-0.8310457972431405
Stroma	-0.9852027096775874
Stroma	0.06679180486152152
Stroma	-0.6144713538126378
Stroma	-0.5871431668892853
Stroma	0.1992669071154863
Stroma	-1.1479453703966611
Stroma	-0.7085646951067606
Stroma	-0.8444249491734049
Stroma	-1.0780839721906719
Stroma	0.6559065752792832
Stroma	0.016225589572702856
Stroma	1.4472944342136524
Stroma	-0.7414915954759036
Stroma	-0.7604320588197305
Stroma	-0.018137969335824188
Stroma	-1.2478558398576431
Stroma	-1.1459002997865138
Stroma	-1.0798370218270537
Stroma	-0.7841532393397851
Stroma	-0.26667481007817806
Stroma	-0.6301278187382596
Stroma	-0.002069694934087039
Stroma	-1.0882539323822156
Stroma	-0.11280986623024444
Stroma	-0.7414915954759036
Stroma	-1.0630112135690637
Stroma	-0.09312793059026855
Stroma	-0.8686175989557293
Stroma	-0.2916915031192268
Stroma	0.325192684137656
Stroma	-1.2646171767418688
Stroma	-1.0250399114389765
Stroma	-1.3265527172723384
Stroma	0.2929637691140558
Stroma	0.04946347960328243
Stroma	-0.0870048012667909
Stroma	-0.5004958227619919
Stroma	0.4102509095991167
Stroma	-0.12442819846242616
Stroma	-0.4706507261640938
Stroma	-1.2624694679374706
Stroma	0.4515321838903087
Stroma	-0.40492460519528645
Stroma	-0.6045426744486511
Stroma	-0.8858546467745853
Stroma	-0.7776852214444857
Stroma	-0.21492812356033728
Stroma	-0.5406270250187548
Stroma	-0.37431497272785663
Stroma	-0.6688313058307104
Stroma	-0.4478056373996092
Stroma	-0.22492814193633268
Stroma	-0.7728693132361187
Stroma	-0.7958795981604806
Stroma	-1.0630112135690637
Stroma	0.2315515005750539
Stroma	0.21842590319425123
Stroma	-0.5466086247527057
Stroma	0.6228251320839158
Stroma	2.1562157805121727
Stroma	-0.11976957864617159
Stroma	-0.8374133953220528
Stroma	2.3090975700032867
Stroma	-0.20191525942831431
Stroma	-0.6775846857028244
Stroma	-1.4323614836206138
Stroma	-0.07469360924896909
Stroma	-0.9421599818838906
Stroma	-0.6878685543028916
Stroma	-1.134334079351653
Stroma	-1.0780839721906719
Stroma	-0.684027812116017
Stroma	-0.8122705153401308
Stroma	-0.6594644434879747
Stroma	-0.8435447255322652
Stroma	-0.8698344337074241
Stroma	-1.134334079351653
Stroma	-0.5439228414793523
Stroma	-0.1503267732195537
Stroma	-0.8275960585831339
Stroma	1.3354329648764909
Stroma	-0.9204185417164727
Stroma	-1.3710862959035233
Stroma	-1.2646171767418688
Stroma	-0.8805753945338474
Stroma	-0.7967044840345566
Stroma	-1.0049502183137355
Stroma	-0.9859354548674767
Stroma	0.5055912916105247
Stroma	0.4368197666761712
Stroma	-1.2808808889158467
Stroma	0.7011100400491531
Stroma	-0.9187769003766736
Stroma	-0.8698344337074241
Stroma	0.34385011942914623
Stroma	-0.9594240725115118
Stroma	-0.9243759191005595
Stroma	-1.2533394241796525
Stroma	-0.05509463272015832
Stroma	-0.6737887689027339
Stroma	-0.9204185417164727
Stroma	0.5921498892395629
Stroma	0.6405686064141289
Stroma	0.08024165287413874
Stroma	-0.3362354768012989
Stroma	-0.12078735861947144
Stroma	0.49014593728660916
Stroma	-0.8577616557528224
Stroma	-0.30297048209810795
Stroma	0.09358176895456126
Stroma	1.8683432521918961
Stroma	-0.7510357818509702
Stroma	-0.5459881940298779
Stroma	1.4190221413899309
Stroma	-0.16061145245085026
Stroma	-0.24818665451454552
Stroma	1.580850819811789
Stroma	0.46179804383091777
Stroma	-0.0034135655139227914
Stroma	0.6841259448015814
Stroma	-0.5303959325754811
Stroma	0.38976434446474983
Stroma	0.2408681914488201
Stroma	0.7452440275145196
Stroma	0.08380963547803257
Stroma	0.5513468970474763
Stroma	-0.7338345054313364
Stroma	1.170896728341466
Stroma	1.2558172101025278
Stroma	1.0063779571434994
Stroma	0.9457198014027299
Stroma	1.27438326140511
Stroma	0.7291362313906534
Stroma	0.8103421354137449
Stroma	2.415018394114366
Stroma	1.1235763647606658
Stroma	1.9944092759261765
Stroma	2.7116290025169296
Stroma	-0.8506173167573126
Stroma	-0.5692041798989113
Stroma	2.482488100638655
Stroma	0.16516462769065146
Stroma	0.5364390131076894
Stroma	-0.18399602254704034
Stroma	3.1642943177337988
Stroma	1.5038051953671105
Stroma	2.2768429445703235
Stroma	0.22159898102126346
Stroma	-0.6087220754445871
Stroma	-1.5140617339100677
Stroma	2.5326019597930047
Stroma	-0.9739633299252897
Stroma	3.0316404306514086
Stroma	-0.014206728157439353
Stroma	-0.9367372931967145
Stroma	2.2016341986130623
Stroma	-0.8515063908028303
Stroma	2.84715115291999
Stroma	2.573427334478613
Stroma	-0.5100346486136107
Stroma	2.702182756937655
Stroma	3.9954462216493605
Stroma	3.708020795364695
Stroma	-0.7559811567657955
Stroma	1.2938535615521376
Stroma	-1.0049502183137355
Stroma	-0.4955617011190193
Stroma	3.844881367763272
Stroma	0.6122633190640593
Stroma	-0.40492460519528645
Stroma	0.017817959017192252
Stroma	1.4086936328050388
Stroma	-0.10343844749016529
Stroma	0.04151291313086551
Stroma	-1.1050965160236723
Stroma	0.4110998837260515
Stroma	0.09180933078040615
Stroma	0.45267542733198235
Stroma	0.7588069180834748
Stroma	0.4848351509835429
Stroma	0.6378115986580465
Stroma	0.03824302158955572
Stroma	0.7379776821208621
Stroma	0.025755744054044363
Stroma	0.15323894474100327
Stroma	-0.5947166548396482
Stroma	0.8510876880638177
Stroma	-0.8592592948687946
Stroma	-0.7315512641371952
Stroma	-0.9009907930138803
Stroma	-0.20299488071136837
Stroma	-0.8403265152028552
Stroma	0.3654785493755002
Stroma	0.08036921487549868
Stroma	-0.12501159312803922
Stroma	-1.2023206113424905
Stroma	-0.18262731151462694
Stroma	-0.3842510414547081
Stroma	0.03049933872226782
Stroma	-1.2485359204693425
Stroma	-0.4746982887388867
Stroma	-0.9514212484508082
Stroma	-0.8388684738095853
Stroma	-0.048849126112058626
Stroma	-1.135824613678883
Stroma	0.20425409027694902
Stroma	-0.6728423421098675
Stroma	0.08380963547803257
Stroma	0.44570190660041814
Stroma	-0.7947811427943123
Stroma	-0.7338345054313364
Stroma	0.07756054829876924
Stroma	-0.02684960098657715
Stroma	-1.0238602321733445
Stroma	-0.5501316352119827
Stroma	0.971528852816345
Stroma	0.8046028265487503
Stroma	-0.5785596844891101
Stroma	-0.3759061935149322
Stroma	0.32785352454426947
Stroma	-0.24054678310639863
Stroma	-1.2478558398576431
Stroma	2.359939162825649
Stroma	0.8147475294235497
Stroma	-0.0955557889201838
Stroma	-1.2255676210877544
Stroma	-0.39050413899874425
Stroma	0.6060945104557436
Stroma	-0.7841532393397851
Stroma	-1.094101443404012
Stroma	0.050503256341500206
